Wall time,Step,Value
1557251428.6648524,12000,-0.9975001215934753
1557251444.5854518,14000,-1.0412499904632568
1557251507.6670637,22000,-0.9975001215934753
1557251523.5067096,24000,-0.9975001215934753
1557251570.6873689,30000,-1.2602498531341553
1557251586.59718,32000,-0.9975001215934753
1557251633.3708615,38000,-0.9975001215934753
1557251648.9068112,40000,0.30166661739349365
1557251664.2665792,42000,-0.20875006914138794
1557251726.1772337,50000,-0.9975001215934753
1557251872.30914,68000,0.887499988079071
1557251921.62427,74000,0.21058335900306702
1557251987.5904193,82000,-1.0077499151229858
1557252020.0700958,86000,0.20033322274684906
1557252054.2487273,90000,-0.026500124484300613
1557252067.6408575,92000,-0.5898749232292175
1557252094.6755712,96000,-0.9975001215934753
1557252119.458716,100000,-0.04950014874339104
1557252199.71064,110000,0.2036665976047516
1557252215.4388783,112000,-0.9975001215934753
1557252231.494326,114000,-0.9975001215934753
1557252247.6743512,116000,-0.9975001215934753
1557252263.5675995,118000,-0.9975001215934753
1557252360.9381654,130000,-1.2192498445510864
1557252393.1298504,134000,0.9325000047683716
1557252409.2225668,136000,0.4042498469352722
1557252425.205984,138000,-0.9975001215934753
1557252441.252623,140000,-0.9975001215934753
1557252489.2521267,146000,-0.04375005513429642
1557252505.317549,148000,-0.9975001215934753
1557252521.339508,150000,-0.017500052228569984
1557252537.5658636,152000,-0.9975001215934753
1557252609.2782052,162000,-0.9975001215934753
1557252694.7274652,172000,-0.2252500057220459
1557252740.3070226,178000,-0.12874990701675415
1557252752.9590142,180000,0.826166570186615
1557252845.9346976,192000,-0.03875017166137695
1557252963.8317711,208000,-0.9975001215934753
1557253007.392761,214000,0.28616660833358765
1557253023.894895,216000,0.8050000071525574
1557253126.9534714,230000,-1.3127498626708984
1557253171.4238596,236000,-0.03250005468726158
1557253203.411317,240000,-0.06512502580881119
1557253311.9116023,254000,-0.9975001215934753
1557253328.218527,256000,-0.33625009655952454
1557253377.4371896,262000,-1.6809996366500854
1557253393.695507,264000,0.2834998071193695
1557253507.7971742,278000,-0.11625006794929504
1557253540.40236,282000,-0.9975001215934753
1557253573.4383738,286000,0.49908336997032166
1557253589.7407038,288000,-0.3602498471736908
1557253606.1238616,290000,-0.9975001215934753
1557253721.5066667,304000,-0.9975001215934753
1557253804.5183933,314000,0.25962501764297485
1557253835.0825975,318000,0.2709999084472656
1557253847.3541915,320000,-0.9975001215934753
1557253859.6106238,322000,-1.4039995670318604
1557253906.8867946,328000,-1.341749906539917
1557253955.7990322,334000,0.5123998522758484
1557253988.7113512,338000,-1.9530000686645508
1557254005.0257707,340000,-0.027500171214342117
1557254054.64255,346000,-0.9975001215934753
1557254154.417241,358000,-0.3564998507499695
1557254171.0115054,360000,0.2959999442100525
1557254203.8631923,364000,-0.9975001215934753
1557254253.79962,370000,0.43724989891052246
1557254280.840821,374000,-0.26675015687942505
1557254294.130945,376000,-0.042500171810388565
1557254326.50032,380000,-0.9975001215934753
1557254360.0877643,384000,0.12039994448423386
1557254374.9377654,386000,-0.9975001215934753
1557254492.141643,400000,-0.034750159829854965
1557254642.912997,416000,-1.095749855041504
1557254662.193354,418000,0.9269997477531433
1557254678.3215275,420000,0.28766655921936035
1557254733.9999406,428000,-0.9975001215934753
1557254877.2125902,448000,-0.9975001215934753
1557254892.9667008,450000,-0.9975001215934753
1557254922.447908,454000,-0.9975001215934753
1557254954.2772083,458000,-0.9975001215934753
1557254985.9721694,462000,-0.02875005453824997
1557255038.182716,468000,0.8341248631477356
1557255057.1463022,470000,0.24666662514209747
1557255077.926891,472000,0.9339998960494995
1557255136.4012585,478000,0.9262498617172241
1557255287.4531446,498000,-0.0988750234246254
1557255318.0370324,502000,0.47739988565444946
1557255400.395419,514000,-0.36050015687942505
1557255442.190313,520000,0.27712491154670715
1557255459.06841,522000,0.01766662299633026
1557255475.8353884,524000,0.26666662096977234
1557255490.8597002,526000,0.4569999575614929
1557255515.6148813,530000,-0.45049989223480225
1557255578.3395305,538000,0.829249918460846
1557255612.3655186,542000,-0.5895000100135803
1557255646.5090618,546000,0.5882499814033508
1557255682.0469499,550000,-0.9975001215934753
1557255766.4508476,560000,0.007166598923504353
1557255867.9997284,572000,0.7144999504089355
1557255984.2492514,586000,0.6854997873306274
1557256000.9316485,588000,-0.9975001215934753
1557256084.3843043,598000,-0.021250052377581596
1557256101.224826,600000,-0.9975001215934753
1557256153.6621823,606000,-0.31174999475479126
1557256170.2551656,608000,0.2672499716281891
1557256186.759815,610000,0.29883328080177307
1557256254.1285632,618000,0.7224999666213989
1557256270.783045,620000,-0.03325008973479271
1557256304.5992274,624000,0.326499879360199
1557256342.6885142,630000,-0.6018332242965698
1557256407.0446622,638000,0.40206247568130493
1557256423.816415,640000,-1.4794998168945312
1557256440.8416991,642000,-0.9975001215934753
1557256457.7126741,644000,0.9274997711181641
1557256491.6882763,648000,0.8946249485015869
1557256542.463175,654000,-0.9975001215934753
1557256559.0807173,656000,-0.9975001215934753
1557256575.9964986,658000,0.42337486147880554
1557256626.4667368,664000,0.5069999694824219
1557256677.7331095,670000,0.594416618347168
1557256778.93256,682000,0.3894999921321869
1557256812.7951903,686000,0.046300072222948074
1557256864.5795863,692000,0.8341248631477356
1557256881.8097568,694000,-0.9975001215934753
1557256915.5759196,698000,-0.3227500021457672
1557256932.4170039,700000,-0.9975001215934753
1557257016.7239108,710000,-1.5504997968673706
1557257033.800792,712000,-0.9975001215934753
1557257100.2171254,720000,-1.6294995546340942
1557257132.2896886,724000,0.5969165563583374
1557257179.884202,730000,0.5127499103546143
1557257246.301438,738000,0.9076665639877319
1557257310.505271,746000,-0.9975001215934753
1557257343.6624355,750000,0.16716651618480682
1557257404.4386346,758000,0.42937496304512024
1557257419.633099,760000,0.8526427745819092
1557257436.570004,762000,0.7573749423027039
1557257466.3164678,766000,0.6645624041557312
1557257545.8133032,776000,-1.0784997940063477
1557257562.770516,778000,0.350857138633728
1557257627.852483,786000,-0.02875005453824997
1557257644.627066,788000,0.9162499308586121
1557257661.1693459,790000,0.6382141709327698
1557257826.571811,810000,0.7178332209587097
1557257909.2393165,820000,-0.4933333992958069
1557258026.0939856,834000,0.23855552077293396
1557258042.1608734,836000,-0.9975001215934753
1557258124.2577689,846000,-0.025000054389238358
1557258140.7687647,848000,0.33542853593826294
1557258173.3263075,852000,-0.9975001215934753
1557258206.2136867,856000,0.8246248364448547
1557258271.5153034,864000,-0.9975001215934753
1557258418.2009976,882000,0.47399988770484924
1557258451.3719141,886000,0.8581249117851257
1557258467.868423,888000,-0.025000054389238358
1557258516.365405,894000,-0.9975001215934753
1557258614.2117379,906000,0.8408332467079163
1557258744.106067,922000,0.8233332633972168
1557258760.9119341,924000,0.3684999346733093
1557258777.6400034,926000,-0.28749987483024597
1557258810.0693176,930000,0.702833354473114
1557258826.6741853,932000,-0.05900006741285324
1557258875.458036,938000,0.1391250044107437
1557258907.8938599,942000,0.5301666259765625
1557258988.4496837,952000,0.4518749713897705
1557259004.4553201,954000,0.9549999833106995
1557259182.5684965,976000,0.2411249577999115
1557259231.2337937,982000,0.294166624546051
1557259247.4899704,984000,0.9280832409858704
1557259280.4950395,988000,0.6089999079704285
1557259313.789955,992000,-1.1189994812011719
1557259362.9248137,998000,0.24287505447864532
1557259540.8224502,1020000,0.7487499713897705
1557259605.3616686,1028000,0.6071665287017822
1557259621.6882486,1030000,-0.3883332908153534
1557259654.0987146,1034000,-0.9975001215934753
1557259702.9250634,1040000,-0.10375003516674042
1557259735.2867851,1044000,-0.9975001215934753
1557259816.8607943,1054000,0.7254998087882996
1557259833.5846062,1056000,0.919749915599823
1557259931.102675,1068000,0.2839999496936798
1557259962.7435362,1072000,-0.4191667139530182
1557259979.1518886,1074000,0.6863332986831665
1557259995.1180024,1076000,-0.9975001215934753
1557260011.1949263,1078000,0.9209998250007629
1557260027.6839752,1080000,0.6497142314910889
1557260044.0659626,1082000,0.14360006153583527
1557260077.0392663,1086000,0.7779998779296875
1557260109.2413285,1090000,0.8619999289512634
1557260189.8676033,1100000,-0.03450014814734459
1557260206.179742,1102000,0.9399999976158142
1557260222.5226665,1104000,-0.38366666436195374
1557260255.602024,1108000,0.4849998950958252
1557260322.0585377,1116000,0.9258999228477478
1557260354.9383202,1120000,0.7688749432563782
1557260387.4142778,1124000,0.6844999194145203
1557260453.0728557,1132000,0.1652500480413437
1557260469.2565823,1134000,0.8858570456504822
1557260485.2012131,1136000,-0.03625005483627319
1557260551.9292235,1144000,-0.9975001215934753
1557260609.6016252,1152000,0.8666664958000183
1557260627.2364607,1154000,0.6983998417854309
1557260671.7685018,1160000,0.40529996156692505
1557260696.0461411,1164000,-0.04987500607967377
1557260708.1523802,1166000,0.6963887810707092
1557260724.4285858,1168000,0.641749918460846
1557260740.637679,1170000,-0.3864997923374176
1557260754.9719858,1172000,0.27999988198280334
1557260768.4858942,1174000,0.46062493324279785
1557260803.9058273,1178000,0.012000046670436859
1557260820.166949,1180000,0.6164999604225159
1557260900.2181711,1190000,0.46394437551498413
1557260916.3854818,1192000,-0.9975001215934753
1557260963.6826508,1198000,0.5963570475578308
1557260980.7505372,1200000,0.8976249098777771
1557261021.0270114,1206000,-0.02875005453824997
1557261055.0233607,1210000,0.26737499237060547
1557261123.9415462,1218000,0.6728888750076294
1557261156.7326615,1222000,0.8289998769760132
1557261189.1786616,1226000,-0.029500089585781097
1557261223.274334,1230000,0.8402856588363647
1557261271.277534,1236000,0.25274983048439026
1557261328.6184182,1244000,0.7383748292922974
1557261340.3789837,1246000,-0.03875017166137695
1557261372.4436529,1250000,0.4184999465942383
1557261421.201619,1256000,0.6384999752044678
1557261486.8777962,1264000,0.9549999833106995
1557261569.6191185,1274000,-0.5408748984336853
1557261679.5935996,1288000,0.93833327293396
1557261696.0940073,1290000,0.545285701751709
1557261730.2477024,1294000,0.5382499098777771
1557261747.9485164,1296000,0.682999849319458
1557261766.2006855,1298000,0.542285680770874
1557261782.0607052,1300000,-0.02350015752017498
1557261799.2518277,1302000,0.9309999346733093
1557261811.8704607,1304000,0.6057498455047607
1557261854.8979194,1310000,-0.04375005513429642
1557261921.4170988,1318000,0.855785608291626
1557261938.0710847,1320000,-0.5292500257492065
1557262002.916351,1328000,0.560249924659729
1557262055.151418,1334000,0.3456248939037323
1557262116.5552497,1342000,0.6326665282249451
1557262170.8813224,1348000,0.44499990344047546
1557262187.1384275,1350000,0.5302498936653137
1557262204.576655,1352000,0.5250833630561829
1557262221.3675132,1354000,0.9224544763565063
1557262235.0408173,1356000,0.8827499151229858
1557262268.0908022,1360000,0.9045999646186829
1557262284.821928,1362000,0.6107498407363892
1557262301.3924997,1364000,0.9297142028808594
1557262333.5756037,1368000,0.6994999647140503
1557262349.7187195,1370000,0.6332855224609375
1557262366.2331371,1372000,-0.250749796628952
1557262382.4217374,1374000,0.22999988496303558
1557262416.5649252,1378000,0.3679998517036438
1557262444.4629989,1382000,-0.006499956361949444
1557262456.816301,1384000,0.2807143032550812
1557262560.9814448,1398000,0.44937485456466675
1557262602.0031042,1404000,-0.9975001215934753
1557262613.830588,1406000,0.8704999089241028
1557262628.513369,1408000,0.1811874508857727
1557262662.016035,1412000,0.2968999743461609
1557262710.5976124,1418000,0.9062221050262451
1557262743.624574,1422000,0.6854443550109863
1557262778.0364125,1426000,-0.9975001215934753
1557262849.1652474,1434000,0.9352221488952637
1557262916.7549553,1442000,0.8043332695960999
1557262969.0243018,1448000,-0.03625005483627319
1557262985.2908278,1450000,-0.42800000309944153
1557263001.3319764,1452000,0.3237999975681305
1557263017.7480996,1454000,0.9319443702697754
1557263033.9654267,1456000,0.5544999837875366
1557263114.528769,1466000,0.13330000638961792
1557263220.65092,1478000,0.5022498965263367
1557263256.323312,1482000,-0.1940000355243683
1557263274.1585333,1484000,0.8351665139198303
1557263292.8187306,1486000,0.760124921798706
1557263346.9123592,1492000,0.6126665472984314
1557263401.048806,1498000,0.8594284653663635
1557263419.2487924,1500000,0.9189499020576477
1557263473.371102,1506000,0.6094999313354492
1557263491.2582822,1508000,0.9364998936653137
1557263509.4386234,1510000,0.6743635535240173
1557263545.3176003,1514000,0.3652499318122864
1557263581.25791,1518000,0.039833296090364456
1557263688.408238,1530000,0.25005555152893066
1557263742.3802514,1536000,0.263499915599823
1557263760.4136004,1538000,0.5165999531745911
1557263814.4314532,1544000,0.12460000067949295
1557263832.2189782,1546000,0.580714225769043
1557263850.1576815,1548000,0.6812222003936768
1557263885.6566324,1552000,-0.9975001215934753
1557263903.4343147,1554000,0.15439994633197784
1557264011.1350954,1566000,-0.10387501120567322
1557264083.5628057,1574000,-0.2739998400211334
1557264101.5847483,1576000,0.8558999300003052
1557264137.614509,1580000,-0.9975001215934753
1557264173.6111767,1584000,0.8714284300804138
1557264209.606962,1588000,0.44999995827674866
1557264227.6597934,1590000,0.6704999804496765
1557264245.8884294,1592000,0.5848333239555359
1557264263.8893569,1594000,0.14319998025894165
1557264281.8472824,1596000,0.28135719895362854
1557264335.4693813,1602000,-0.03325008973479271
1557264371.6794143,1606000,0.43574994802474976
1557264407.7132347,1610000,0.9369998574256897
1557264461.7153275,1616000,-0.029750101268291473
1557264497.6655052,1620000,0.8658748865127563
1557264515.5051436,1622000,0.869571328163147
1557264533.2791297,1624000,-1.0709997415542603
1557264604.958094,1632000,0.6922776699066162
1557264640.77718,1636000,0.7037497758865356
1557264659.0005968,1638000,-0.01599998213350773
1557264694.916764,1642000,-0.9975001215934753
1557264748.6293497,1648000,0.8943333029747009
1557264820.0909905,1656000,0.5012999773025513
1557264874.1369555,1662000,0.581142783164978
1557264927.871855,1668000,0.2436111569404602
1557264946.2159529,1670000,0.40181246399879456
1557264982.0750945,1674000,0.8106427788734436
1557265017.8411624,1678000,0.6419999599456787
1557265053.7333202,1682000,0.7028887867927551
1557265143.6715827,1692000,0.40987488627433777
1557265197.4780018,1698000,0.2624443769454956
1557265215.6162794,1700000,0.4583888649940491
1557265233.7947643,1702000,0.5095999240875244
1557265288.5523765,1708000,0.6496874690055847
1557265432.3919563,1724000,0.7804998755455017
1557265450.4140103,1726000,0.8668570518493652
1557265468.4749284,1728000,0.8944999575614929
1557265504.3770933,1732000,0.9034165740013123
1557265576.7701418,1740000,0.7449999451637268
1557265612.6061482,1744000,0.4458748698234558
1557265630.5662389,1746000,0.5137498378753662
1557265702.5991657,1754000,0.189583420753479
1557265738.7825086,1758000,0.8984443545341492
1557265756.8719914,1760000,0.1835833489894867
1557265810.714196,1766000,0.3110714554786682
1557265828.611037,1768000,0.03080010786652565
1557265847.045576,1770000,0.7704997658729553
1557265883.03969,1774000,0.2838749885559082
1557265937.473364,1780000,0.9012220501899719
1557265973.26271,1784000,-0.9975001215934753
1557265991.409353,1786000,0.6531665325164795
1557266027.2692552,1790000,-0.24375005066394806
1557266045.366646,1792000,-0.040000054985284805
1557266099.188386,1798000,0.84242844581604
1557266153.6399586,1804000,0.7377498745918274
1557266171.564522,1806000,0.7877498865127563
1557266293.3930864,1820000,0.5599545240402222
1557266309.7995517,1822000,0.7574998736381531
1557266326.478168,1824000,0.4587777554988861
1557266343.3831692,1826000,0.5604544878005981
1557266376.4669156,1830000,0.6366249322891235
1557266392.8671734,1832000,0.5852857232093811
1557266425.7386806,1836000,0.9057221412658691
1557266442.6890213,1838000,0.7557499408721924
1557266459.3678353,1840000,0.901249885559082
1557266507.550326,1846000,-0.2989998757839203
1557266523.807879,1848000,0.8336665034294128
1557266540.2179554,1850000,0.6941110491752625
1557266556.7130547,1852000,0.8632141947746277
1557266589.5606797,1856000,0.44237497448921204
1557266687.13873,1868000,-0.027000147849321365
1557266703.5236704,1870000,0.9349997639656067
1557266752.0186896,1876000,-0.9975001215934753
1557266866.5497656,1890000,0.8862499594688416
1557266915.3580806,1896000,0.5914998650550842
1557267029.2931767,1910000,0.8284998536109924
1557267045.1129928,1912000,0.5446428060531616
1557267061.5916784,1914000,0.7161999940872192
1557267094.2251084,1918000,0.908277690410614
1557267110.5666885,1920000,0.6549999713897705
1557267127.0012188,1922000,0.06833329796791077
1557267175.9768171,1928000,0.85441654920578
1557267192.5052607,1930000,0.9325000047683716
1557267225.5313454,1934000,0.4147498905658722
1557267258.2591326,1938000,0.4171874523162842
1557267274.5059018,1940000,0.5464999079704285
1557267339.3141465,1948000,0.8926427960395813
1557267355.5084124,1950000,0.4912499189376831
1557267421.437524,1958000,-0.9975001215934753
1557267437.9729233,1960000,0.6972271800041199
1557267454.2211118,1962000,0.5165500044822693
1557267471.2243342,1964000,0.6371874213218689
1557267520.9887543,1970000,0.9206817150115967
1557267535.9705756,1972000,0.93233323097229
1557267550.9201117,1974000,0.9001110196113586
1557267600.9162252,1980000,0.21474991738796234
1557267617.8299286,1982000,0.37178564071655273
1557267750.117841,1998000,0.28949984908103943
1557267816.29801,2006000,0.5061999559402466
1557267849.640079,2010000,0.7458635568618774
1557267882.7795637,2014000,0.15624994039535522
1557267899.403393,2016000,0.5261666774749756
1557267948.8332531,2022000,0.5904374718666077
1557267965.5455663,2024000,0.018199991434812546
1557267997.9250908,2028000,-0.9975001215934753
1557268014.2660334,2030000,-0.006833472289144993
1557268031.19064,2032000,0.6387143135070801
1557268047.848758,2034000,0.8291665315628052
1557268097.0809326,2040000,0.4859998822212219
1557268227.7036881,2056000,0.03270004317164421
1557268260.4848757,2060000,0.7196110486984253
1557268292.7964146,2064000,0.6966666579246521
1557268325.328003,2068000,0.8650000095367432
1557268341.7171123,2070000,-0.13216668367385864
1557268358.4140291,2072000,0.5554091334342957
1557268391.2219684,2076000,0.8800999522209167
1557268423.9318264,2080000,0.41509997844696045
1557268439.8621356,2082000,0.6158332228660583
1557268456.2933362,2084000,0.6404999494552612
1557268504.8669322,2090000,0.24166662991046906
1557268537.073708,2094000,0.7652498483657837
1557268651.3377838,2108000,0.30935001373291016
1557268667.965072,2110000,0.6314374804496765
1557268717.1731102,2116000,0.6027498841285706
1557268750.235258,2120000,0.7384090423583984
1557268848.8114083,2132000,0.7318748831748962
1557268864.9701505,2134000,0.6043570637702942
1557268898.275446,2138000,0.5915416479110718
1557268930.875273,2142000,0.9189998507499695
1557268996.5340655,2150000,0.795499861240387
1557269061.8955932,2158000,0.7281000018119812
1557269094.4177678,2162000,0.731249988079071
1557269127.6504495,2166000,0.8595713376998901
1557269177.2241325,2172000,-0.04462502524256706
1557269193.2670047,2174000,-0.13249994814395905
1557269209.6225605,2176000,0.9325000047683716
1557269226.4600618,2178000,0.3822726905345917
1557269324.8389144,2190000,0.294166624546051
1557269341.2959714,2192000,-0.34125015139579773
1557269439.859839,2204000,0.822833240032196
1557269472.4002893,2208000,0.8697856068611145
1557269505.2080865,2212000,0.2958332598209381
1557269521.5806818,2214000,0.6594998240470886
1557269538.111848,2216000,0.14216649532318115
1557269684.7712061,2234000,0.8209998607635498
1557269717.8424,2238000,0.04420006647706032
1557269766.9123938,2244000,0.427062451839447
1557269832.6669402,2252000,0.9012221693992615
1557269865.8541994,2256000,0.38293755054473877
1557269882.5710597,2258000,0.7677916288375854
1557269949.0247793,2266000,0.8381665945053101
1557269965.6490448,2268000,0.6319285035133362
1557269998.269605,2272000,0.4178332984447479
1557270014.9005237,2274000,0.8055999279022217
1557270031.3524594,2276000,0.9028332233428955
1557270080.8603413,2282000,0.8853123784065247
1557270096.897734,2284000,0.5977082848548889
1557270262.3501298,2304000,0.7097999453544617
1557270294.7885418,2308000,0.9178124070167542
1557270311.375612,2310000,0.5916873812675476
1557270360.835537,2316000,0.5576363205909729
1557270377.2551754,2318000,0.527899980545044
1557270393.536475,2320000,0.3755999207496643
1557270442.2353947,2326000,0.6668888926506042
1557270458.3257372,2328000,0.5537499189376831
1557270474.7959514,2330000,-0.030750147998332977
1557270722.0401206,2360000,0.7994998693466187
1557270770.94465,2366000,0.9211665391921997
1557270803.663599,2370000,0.8748331665992737
1557270819.7247982,2372000,0.29299989342689514
1557270852.4114099,2376000,0.8497498631477356
1557270868.3268101,2378000,0.9085553884506226
1557270917.1299255,2384000,0.28249987959861755
1557270966.1369162,2390000,0.8815624117851257
1557270982.3922973,2392000,0.7354544997215271
1557270998.6273057,2394000,0.7414544820785522
1557271015.3690162,2396000,0.5199999809265137
1557271048.2677603,2400000,0.8433749079704285
1557271080.3325543,2404000,-0.15175007283687592
1557271112.8599212,2408000,0.27816659212112427
1557271145.4994829,2412000,0.5736427903175354
1557271161.3255334,2414000,0.9339166283607483
1557271194.2822561,2418000,0.5571363568305969
1557271227.0967102,2422000,0.4261248707771301
1557271260.2529237,2426000,0.6353749632835388
1557271276.6494281,2428000,0.05369994789361954
1557271293.134214,2430000,0.8954442739486694
1557271309.688767,2432000,0.9031999111175537
1557271326.0483978,2434000,0.7971999049186707
1557271489.056768,2454000,0.6874999403953552
1557271554.743232,2462000,0.8908999562263489
1557271619.4948893,2470000,0.8924373984336853
1557271635.667379,2472000,0.5061999559402466
1557271652.1538553,2474000,0.8965832591056824
1557271684.267065,2478000,0.9264443516731262
1557271732.4426005,2484000,0.4306110739707947
1557271781.830432,2490000,0.8198999166488647
1557271814.382209,2494000,0.8469998836517334
1557271847.4827766,2498000,0.6054165363311768
1557271863.976899,2500000,0.5472272038459778
1557271896.8481357,2504000,0.31107139587402344
1557271961.8725002,2512000,0.20637503266334534
1557271978.2422628,2514000,0.9055998921394348
1557271994.6343708,2516000,0.7424544095993042
1557272027.8281662,2520000,0.8725712895393372
1557272044.0788467,2522000,0.7744999527931213
1557272092.8324995,2528000,0.5845832228660583
1557272109.0426753,2530000,0.37368181347846985
1557272125.680403,2532000,0.9221665859222412
1557272142.0059245,2534000,0.2906665802001953
1557272174.3094776,2538000,0.5093333125114441
1557272257.3447726,2548000,0.47458329796791077
1557272306.5017943,2554000,0.35489997267723083
1557272388.2112014,2564000,0.6818333268165588
1557272421.0780988,2568000,0.8863123655319214
1557272486.5513442,2576000,0.9218748807907104
1557272519.6378992,2580000,0.927444338798523
1557272583.927272,2588000,0.9374998807907104
1557272600.3383267,2590000,0.25483331084251404
1557272616.2664611,2592000,0.7072999477386475
1557272632.5464647,2594000,0.9308748841285706
1557272665.2796073,2598000,0.888124942779541
1557272714.2824013,2604000,0.8653332591056824
1557272730.269834,2606000,0.2984285056591034
1557272763.072487,2610000,0.7018181085586548
1557272779.5967872,2612000,0.9211816787719727
1557272796.3446903,2614000,0.6421250104904175
1557272893.9270713,2626000,0.5252499580383301
1557272926.7285466,2630000,0.5244998931884766
1557272943.0777283,2632000,-0.03250005468726158
1557272976.4004183,2636000,-0.48574990034103394
1557272992.8788311,2638000,0.7250999212265015
1557273041.4836948,2644000,0.563499927520752
1557273057.8868384,2646000,-0.14916656911373138
1557273139.9721892,2656000,0.4704444408416748
1557273155.8283622,2658000,0.5778570771217346
1557273171.9900289,2660000,0.7689998745918274
1557273220.9507961,2666000,0.4264000356197357
1557273253.7848332,2670000,0.9253999590873718
1557273270.2442124,2672000,0.8464999198913574
1557273286.3950305,2674000,0.2573332190513611
1557273302.958964,2676000,0.9195713400840759
1557273318.9835303,2678000,0.27299994230270386
1557273335.1464117,2680000,0.8731249570846558
1557273434.0580251,2692000,-0.03325008973479271
1557273516.3832896,2702000,0.4964999258518219
1557273532.757073,2704000,0.7407726645469666
1557273549.3482227,2706000,0.9172499179840088
1557273631.2304783,2716000,0.9176362156867981
1557273695.905056,2724000,0.9304999113082886
1557273728.55577,2728000,0.5017498731613159
1557273745.164604,2730000,0.7168499827384949
1557273810.9009569,2738000,-0.08337496966123581
1557273876.0209918,2746000,0.2757500112056732
1557273990.3071253,2760000,0.8532499074935913
1557274023.6210155,2764000,0.8989284634590149
1557274073.1566906,2770000,0.4562776982784271
1557274105.9611473,2774000,0.762458324432373
1557274122.311043,2776000,0.6391428112983704
1557274171.7993011,2782000,0.3686249256134033
1557274188.5694094,2784000,0.259750097990036
1557274222.006624,2788000,-0.23362499475479126
1557274238.1075542,2790000,0.19400012493133545
1557274287.584615,2796000,0.5291500091552734
1557274568.5922546,2830000,0.68105548620224
1557274584.4272003,2832000,0.3915908932685852
1557274601.1138642,2834000,0.1524999886751175
1557274618.0332615,2836000,0.9279997944831848
1557274683.4426823,2844000,0.411749929189682
1557274733.1865263,2850000,0.3861998915672302
1557274749.6359093,2852000,0.9204090237617493
1557274799.1911163,2858000,0.6094443798065186
1557274815.44494,2860000,0.8735712766647339
1557274832.1659942,2862000,0.907599925994873
1557274898.9536068,2870000,0.31993749737739563
1557274915.612829,2872000,0.6421249508857727
1557274932.0244498,2874000,0.9148499369621277
1557274965.4069493,2878000,0.8724284768104553
1557274998.8468041,2882000,0.9114999175071716
1557275031.851304,2886000,0.41949984431266785
1557275064.4547875,2890000,0.9457499384880066
1557275163.8486116,2902000,-0.05175007879734039
1557275196.3877835,2906000,0.5975713133811951
1557275279.9906502,2916000,0.47338876128196716
1557275296.335856,2918000,0.8904284238815308
1557275444.7885828,2936000,0.6403124332427979
1557275461.1868284,2938000,0.39562493562698364
1557275641.6556387,2960000,0.8879998922348022
1557275706.6397247,2968000,0.9267498850822449
1557275723.1375146,2970000,0.6646249294281006
1557275772.1385052,2976000,0.5024999380111694
1557275788.5313654,2978000,0.026900026947259903
1557275837.2857044,2984000,0.7443332672119141
1557275869.7573533,2988000,0.9326249361038208
1557275885.8294406,2990000,0.39699986577033997
1557275902.2960966,2992000,0.29742851853370667
1557276016.1054802,3006000,-0.04750005528330803
1557276032.4004476,3008000,0.9202499389648438
1557276048.7334132,3010000,0.5292999148368835
1557276066.7927542,3012000,0.7563635110855103
1557276106.9866788,3018000,-0.9975001215934753
1557276138.587245,3022000,0.8041999340057373
1557276154.8282082,3024000,0.8652141690254211
1557276173.3119829,3026000,-0.49500012397766113
1557276185.9730957,3028000,0.9127998948097229
1557276261.5768142,3038000,0.6462498903274536
1557276294.0686917,3042000,0.8994998335838318
1557276376.3940861,3052000,-0.9975001215934753
1557276392.540062,3054000,0.2811664938926697
1557276441.9432042,3060000,0.8888332843780518
1557276546.0648382,3074000,0.8097499012947083
1557276579.9940205,3078000,0.41530004143714905
1557276746.8598442,3098000,0.26391664147377014
1557276779.7436712,3102000,0.7155499458312988
1557276796.2797604,3104000,0.9067221283912659
1557276828.6704116,3108000,0.7082499861717224
1557276845.3044126,3110000,0.015499971807003021
1557276878.4898345,3114000,0.7806248664855957
1557276895.374681,3116000,0.7402726411819458
1557276993.2087884,3128000,0.9399999976158142
1557277010.0229802,3130000,0.5360999703407288
1557277108.8786993,3142000,0.6476874351501465
1557277125.5405514,3144000,0.9079998731613159
1557277273.720394,3162000,0.5859284996986389
1557277338.8826764,3170000,0.5142141580581665
1557277371.6644082,3174000,0.6952499151229858
1557277437.5362055,3182000,0.2996428906917572
1557277536.0218155,3194000,0.39263632893562317
1557277585.3863423,3200000,0.8894999027252197
1557277618.4735942,3204000,0.07930009067058563
1557277667.4254692,3210000,0.533799946308136
1557277701.5250082,3214000,-1.0785000324249268
1557277718.4074223,3216000,0.8154999017715454
1557277785.7192173,3224000,0.5939373970031738
1557277802.3956048,3226000,0.2478332221508026
1557277837.9407496,3230000,-1.9305000305175781
1557277856.4897685,3232000,-0.1853749305009842
1557277892.7831278,3236000,0.9046427607536316
1557277945.7078059,3242000,0.9249998927116394
1557277962.3761182,3244000,0.4289999008178711
1557277979.3179169,3246000,0.888916552066803
1557278033.0263617,3254000,0.7303635478019714
1557278067.8533013,3258000,0.6326873898506165
1557278086.0717225,3260000,0.9109998345375061
1557278104.4971821,3262000,0.6817222237586975
1557278141.01101,3266000,0.5215833187103271
1557278175.7700942,3270000,0.9173570275306702
1557278212.552473,3274000,-1.4584996700286865
1557278261.8847508,3280000,0.6815555095672607
1557278306.4630172,3286000,0.6424999237060547
1557278324.5086389,3288000,-0.34675005078315735
1557278342.713135,3290000,0.18324996531009674
1557278388.097858,3296000,0.9332499504089355
1557278415.8978338,3300000,0.7997498512268066
1557278429.6589499,3302000,0.5531428456306458
1557278484.6576471,3308000,0.6109999418258667
1557278499.4151075,3310000,0.8229998350143433
1557278554.5504806,3316000,0.3072499930858612
1557278629.3338814,3324000,0.604071319103241
1557278647.8470733,3326000,0.490649938583374
1557278665.7274246,3328000,0.3014999330043793
1557278792.1560433,3342000,0.8639165759086609
1557278827.9457963,3346000,-0.9975001215934753
1557278845.9231646,3348000,0.43312495946884155
1557278863.9710054,3350000,0.5471999645233154
1557278936.43171,3358000,0.2891666293144226
1557278954.724841,3360000,0.5727499127388
1557278990.8757813,3364000,0.9095832109451294
1557279063.4464364,3372000,-0.25310003757476807
1557279081.655297,3374000,0.7156999111175537
1557279099.6431088,3376000,0.7121999263763428
1557279153.9976716,3382000,-0.9975001215934753
1557279226.4226437,3390000,0.8894999027252197
1557279244.6659997,3392000,-0.16049979627132416
1557279280.659818,3396000,-0.06900018453598022
1557279298.5783222,3398000,0.518750011920929
1557279316.6555855,3400000,0.465611070394516
1557279335.0868347,3402000,-0.03450014814734459
1557279371.1671085,3406000,-0.05012502148747444
1557279425.6799855,3412000,0.021833252161741257
1557279443.869212,3414000,0.8659998774528503
1557279462.0337849,3416000,0.6121427416801453
1557279480.1922054,3418000,0.8491665720939636
1557279553.1301675,3426000,0.4956999123096466
1557279571.1937273,3428000,0.9092498421669006
1557279662.3632846,3438000,0.6728888750076294
1557279698.5852087,3442000,0.7411999106407166
1557279717.2005363,3444000,0.10620002448558807
1557279735.493368,3446000,0.6627500057220459
1557279808.2821698,3454000,0.5319165587425232
1557279862.6524787,3460000,0.7433998584747314
1557279898.8829312,3464000,-0.9975001215934753
1557279953.4368622,3470000,0.844333291053772
1557279971.2846367,3472000,0.3847498893737793
1557279989.2786236,3474000,0.8790712952613831
1557280007.289546,3476000,0.8428748846054077
1557280025.3303533,3478000,0.4458748698234558
1557280061.4947832,3482000,0.8524165749549866
1557280097.530822,3486000,0.31771427392959595
1557280151.7684462,3492000,0.6294284462928772
1557280170.0156174,3494000,0.6388124823570251
1557280206.246552,3498000,0.6117498278617859
1557280224.7313182,3500000,0.6423748731613159
1557280243.0456722,3502000,-0.21200008690357208
1557280297.6458817,3508000,0.9029284715652466
1557280333.695915,3512000,0.8060832619667053
1557280351.8671994,3514000,0.9349997639656067
1557280369.8667789,3516000,-0.9975001215934753
1557280388.067681,3518000,-0.04375005513429642
1557280515.5290787,3532000,0.8164998888969421
1557280533.6082044,3534000,0.717333197593689
1557280588.5973222,3540000,0.5109165906906128
1557280678.9962256,3550000,0.4031248688697815
1557280751.2778437,3558000,0.25925004482269287
1557280861.0815547,3570000,0.3773749768733978
1557280879.2833338,3572000,0.6638888120651245
1557280915.5691266,3576000,0.2651665508747101
1557280988.3864968,3584000,0.7141999006271362
1557281006.5768964,3586000,0.92249995470047
1557281024.5566707,3588000,-0.9975001215934753
1557281060.706518,3592000,0.5136498808860779
1557281078.81717,3594000,0.8979284763336182
1557281096.9196334,3596000,0.2936666011810303
1557281169.2704427,3604000,0.7133499383926392
1557281241.4408884,3612000,0.8861874341964722
1557281277.3868346,3616000,0.548599898815155
1557281295.4650805,3618000,-0.9975001215934753
1557281439.6449878,3634000,0.698749840259552
1557281457.6712859,3636000,0.5289999842643738
1557281511.863025,3642000,0.6246427893638611
1557281566.1918607,3648000,0.8284165859222412
1557281638.542395,3656000,0.9241665601730347
1557281675.0718133,3660000,0.8544374108314514
1557281748.4530787,3668000,0.7005555033683777
1557281839.598506,3678000,0.5992141962051392
1557281857.8220189,3680000,0.9076499342918396
1557281930.102829,3688000,0.8918123245239258
1557281948.3377082,3690000,0.9175000190734863
1557282002.6361609,3696000,0.6718332767486572
1557282021.0173516,3698000,0.5840713977813721
1557282039.4006808,3700000,0.8897498846054077
1557282093.8785124,3706000,0.8913569450378418
1557282148.0448074,3712000,0.8833332657814026
1557282166.0531104,3714000,0.5518332123756409
1557282202.1998312,3718000,0.24833330512046814
1557282238.4630966,3722000,0.9145554900169373
1557282256.8502326,3724000,0.8700999617576599
1557282275.0094194,3726000,0.7883332371711731
1557282401.0919023,3740000,0.567714273929596
1557282437.2634428,3744000,0.9231110215187073
1557282455.389885,3746000,-0.9975001215934753
1557282563.6727245,3758000,0.6982221007347107
1557282581.6059482,3760000,0.5920624136924744
1557282599.6328733,3762000,0.9369998574256897
1557282618.1040635,3764000,0.4013749659061432
1557282636.134002,3766000,0.37299999594688416
1557282672.3272116,3770000,0.14559999108314514
1557282726.338451,3776000,0.678055465221405
1557282852.6766896,3790000,0.7100998759269714
1557282870.6839316,3792000,0.6352857351303101
1557282888.6247077,3794000,0.540899932384491
1557283052.3703513,3812000,0.9349998831748962
1557283105.6821742,3818000,0.6828888058662415
1557283123.462401,3820000,0.7334544658660889
1557283196.4959462,3828000,0.9145452976226807
1557283214.6387742,3830000,0.5215832591056824
1557283232.8188312,3832000,0.8349999785423279
1557283251.116173,3834000,0.2728332281112671
1557283305.8919353,3840000,-0.056166719645261765
1557283324.1084228,3842000,0.6839999556541443
1557283342.451321,3844000,0.8577777147293091
1557283360.6616225,3846000,0.8729999661445618
1557283432.204745,3854000,0.8513332009315491
1557283448.5188456,3856000,0.40574994683265686
1557283465.0530295,3858000,0.3791249394416809
1557283514.512615,3864000,0.5588635802268982
1557283547.0743139,3868000,0.9234999418258667
1557283579.6852992,3872000,0.8908331990242004
1557283612.8225667,3876000,0.4252999722957611
1557283629.515672,3878000,0.7317272424697876
1557283645.9922583,3880000,0.9054999351501465
1557283679.1850536,3884000,0.6073570251464844
1557283696.2589648,3886000,0.7599999904632568
1557283778.3779743,3896000,0.8758748769760132
1557283844.6854901,3904000,0.8573887944221497
1557283877.0997424,3908000,0.34762489795684814
1557283926.1779354,3914000,-0.2825000584125519
1557283975.4707482,3920000,0.8927999138832092
1557283992.034982,3922000,0.8270999193191528
1557284025.2211087,3926000,0.5734997987747192
1557284057.3722394,3930000,0.30765005946159363
1557284155.5723975,3942000,0.8584285378456116
1557284171.9981718,3944000,0.8354999423027039
1557284205.0561907,3948000,0.8879998922348022
1557284237.9246402,3952000,0.6528887748718262
1557284388.195159,3970000,0.6471427083015442
1557284404.172427,3972000,0.5380833148956299
1557284420.85567,3974000,-0.1614999920129776
1557284437.9859877,3976000,-0.4041667580604553
1557284636.73235,4000000,0.4496248662471771
1557284669.8508136,4004000,0.2624998688697815
1557284703.043708,4008000,0.4882999062538147
1557284735.187152,4012000,0.7644999027252197
1557284801.1874802,4020000,0.5907142162322998
1557284817.702276,4022000,0.6309285163879395
1557284834.2280781,4024000,0.22599992156028748
1557284851.3821726,4026000,0.6664999127388
1557284867.5290637,4028000,0.7636922001838684
1557284884.4249616,4030000,0.9372498989105225
1557284901.1749356,4032000,0.7902498841285706
1557284934.2960405,4036000,-0.37016668915748596
1557284951.0177846,4038000,0.9269090294837952
1557284967.6033864,4040000,0.8001249432563782
1557285000.2859707,4044000,0.38579994440078735
1557285081.4193275,4054000,0.4542222321033478
1557285131.3380623,4060000,0.8714999556541443
1557285164.5181134,4064000,0.7172499299049377
1557285180.7070172,4066000,0.14209997653961182
1557285212.9668908,4070000,0.6152498722076416
1557285261.0977933,4076000,0.9153332114219666
1557285310.1714518,4082000,0.8630713820457458
1557285343.4205458,4086000,0.3976249396800995
1557285392.469734,4092000,-0.040000054985284805
1557285441.345353,4098000,0.6474999785423279
1557285457.7390697,4100000,0.820499837398529
1557285506.5587585,4106000,0.6296873688697815
1557285539.6754794,4110000,0.4248332679271698
1557285556.4461453,4112000,0.6311249732971191
1557285687.5482285,4128000,0.5491999387741089
1557285703.359868,4130000,0.2772500216960907
1557285735.9471543,4134000,0.7986665964126587
1557285818.1165638,4144000,0.9163998961448669
1557285900.424333,4154000,0.709399938583374
1557285916.7203279,4156000,0.9449998736381531
1557285933.4657216,4158000,0.6102142333984375
1557285966.121282,4162000,0.8178332448005676
1557285982.213916,4164000,0.8656427264213562
1557286014.6281338,4168000,-0.5434998273849487
1557286047.4122827,4172000,-0.03625005483627319
1557286096.5298624,4178000,0.7039443850517273
1557286112.7144167,4180000,0.27133315801620483
1557286177.7805245,4188000,0.9121362566947937
1557286260.0081134,4198000,0.90931236743927
1557286292.857245,4202000,0.7803845405578613
1557286392.1632266,4214000,-0.5119999051094055
1557286408.5034034,4216000,0.9343749284744263
1557286424.7529123,4218000,0.5600625276565552
1557286441.35605,4220000,0.8372499346733093
1557286458.0893853,4222000,0.7519998550415039
1557286508.1617134,4228000,0.15549999475479126
1557286541.4482179,4232000,0.867833137512207
1557286591.1733792,4238000,0.5880832672119141
1557286607.9074852,4240000,0.4228999614715576
1557286656.7158196,4246000,0.8983332514762878
1557286689.9189246,4250000,0.450874924659729
1557286722.7229645,4254000,0.6237500309944153
1557286739.0636346,4256000,0.4234999120235443
1557286755.6649938,4258000,0.9131999015808105
1557286822.023446,4266000,0.7184997797012329
1557286889.4467814,4274000,0.8874999284744263
1557286905.9806423,4276000,-0.02583324909210205
1557286922.0009341,4278000,0.7899998426437378
1557286987.8581724,4286000,0.3949999213218689
1557287004.1728275,4288000,0.1816248744726181
1557287037.3032136,4292000,0.5380999445915222
1557287053.993742,4294000,0.5942142605781555
1557287086.5338554,4298000,0.643875002861023
1557287102.955494,4300000,0.717249870300293
1557287119.6802855,4302000,0.9208332300186157
1557287151.9402783,4306000,0.8892499208450317
1557287168.8593705,4308000,0.8926998972892761
1557287185.2228363,4310000,0.7752499580383301
1557287201.807507,4312000,0.6843888759613037
1557287251.0186193,4318000,0.7392498850822449
1557287283.3573391,4322000,-0.9975001215934753
1557287299.7106278,4324000,0.4561249017715454
1557287397.1427844,4336000,0.6652271747589111
1557287413.2286978,4338000,0.9093570113182068
1557287429.9344194,4340000,0.5487857460975647
1557287494.8123176,4348000,0.6056427359580994
1557287528.1741521,4352000,0.8760998845100403
1557287561.7433577,4356000,0.29049989581108093
1557287627.668075,4364000,0.7179999947547913
1557287742.7755086,4378000,0.5174166560173035
1557287791.9783094,4384000,0.4004998505115509
1557287825.7093046,4388000,0.8879998326301575
1557287858.570396,4392000,0.791874885559082
1557287874.709499,4394000,0.8789998888969421
1557287907.855528,4398000,0.30037492513656616
1557287940.2548435,4402000,0.8999443054199219
1557287973.0289383,4406000,0.821437418460846
1557287989.65321,4408000,0.8797498345375061
1557288005.5737684,4410000,0.8719284534454346
1557288055.8636966,4416000,-0.9975001215934753
1557288072.1635513,4418000,0.1416999101638794
1557288120.672674,4424000,0.5108999013900757
1557288136.635549,4426000,0.4063999652862549
1557288187.2130852,4432000,0.766291618347168
1557288237.5259705,4438000,0.4501999318599701
1557288304.262913,4446000,0.870749831199646
1557288403.2416248,4458000,0.45499998331069946
1557288419.5872998,4460000,0.46880000829696655
1557288469.1018016,4466000,0.3286428153514862
1557288485.4363723,4468000,0.9283748865127563
1557288518.3237052,4472000,-0.13600017130374908
1557288552.1957104,4476000,0.6186665892601013
1557288568.5798316,4478000,0.9327498078346252
1557288602.09303,4482000,0.885499894618988
1557288618.4256568,4484000,0.9378331303596497
1557288651.8705945,4488000,0.27049991488456726
1557288668.9149737,4490000,0.867857038974762
1557288685.1335607,4492000,0.6808333396911621
1557288701.9708169,4494000,0.6475624442100525
1557288735.1879277,4498000,0.2685832679271698
1557288768.0678742,4502000,0.6540713906288147
1557288784.9082232,4504000,0.8128999471664429
1557288850.599937,4512000,0.6796249151229858
1557288866.9915488,4514000,0.9097998738288879
1557288899.3616157,4518000,-1.0379999876022339
1557288948.8082924,4524000,0.5088332891464233
1557288981.628562,4528000,0.8948123455047607
1557289031.1738188,4534000,0.8818332552909851
1557289130.6363156,4546000,0.9195999503135681
1557289230.8248804,4558000,0.8478749394416809
1557289296.789835,4566000,0.9189999103546143
1557289345.5801752,4572000,0.7239999771118164
1557289428.5081542,4582000,0.9434998035430908
1557289461.1530828,4586000,0.7372726202011108
1557289510.44601,4592000,0.8627498149871826
1557289609.6494067,4604000,0.8406109809875488
1557289626.0097022,4606000,0.816399872303009
1557289659.8802874,4610000,0.9227726459503174
1557289709.820859,4616000,0.9141873717308044
1557289759.3234682,4622000,-0.03125017136335373
1557289775.9071572,4624000,0.1788332462310791
1557289792.264243,4626000,0.8243124485015869
1557289939.0447786,4644000,0.8771666288375854
1557289955.4319634,4646000,-0.41474997997283936
1557289972.2418435,4648000,0.9239090085029602
1557289988.7646887,4650000,0.9209374189376831
1557290021.5280683,4654000,0.5688332319259644
1557290053.6992261,4658000,0.9190908074378967
1557290102.1152344,4664000,0.06060009077191353
1557290118.357381,4666000,0.8347498774528503
1557290183.7267804,4674000,0.8996109962463379
1557290216.8311863,4678000,0.9265453219413757
1557290233.6483874,4680000,0.7594999670982361
1557290249.8607602,4682000,0.8936427235603333
1557290266.384374,4684000,0.3216249942779541
1557290398.3034484,4700000,0.9110713601112366
1557290545.6302357,4718000,0.7112499475479126
1557290577.9393475,4722000,0.7696248888969421
1557290627.3221493,4728000,0.6391249299049377
1557290709.3420043,4738000,0.4584999084472656
1557290758.548643,4744000,0.4416249394416809
1557290775.2191768,4746000,0.8913748860359192
1557290824.6430068,4752000,0.2823331952095032
1557290840.7524922,4754000,0.41212496161460876
1557290889.2329803,4760000,0.5075833797454834
1557290938.7638333,4766000,-0.0887499451637268
1557290971.0042899,4770000,0.6072856783866882
1557291003.799599,4774000,0.3234998881816864
1557291052.3260012,4780000,0.2879999876022339
1557291101.5792534,4786000,0.42559996247291565
1557291118.0993052,4788000,0.6305623650550842
1557291134.848173,4790000,0.5711666345596313
1557291167.3018367,4794000,0.846356987953186
1557291300.4356613,4810000,0.8710712790489197
1557291333.6049492,4814000,0.14229993522167206
1557291366.2376943,4818000,0.2682499289512634
1557291399.4009857,4822000,-0.025750089436769485
1557291482.64534,4832000,0.41274988651275635
1557291564.1389465,4842000,-0.9975001215934753
1557291630.6237795,4850000,0.5394999384880066
1557291697.0777547,4858000,0.9094999432563782
1557291713.1366131,4860000,0.6762776970863342
1557291729.7855434,4862000,0.8820713758468628
1557291812.7149186,4872000,0.3217499852180481
1557291829.5931659,4874000,0.8939998745918274
1557291846.3209846,4876000,0.2701665461063385
1557291863.0204911,4878000,0.7209998965263367
1557291912.8960538,4884000,0.465444415807724
1557291994.973741,4894000,0.29266655445098877
1557292044.985479,4900000,0.6589374542236328
1557292078.3311656,4904000,0.9230453372001648
1557292144.6432743,4912000,0.8881109952926636
1557292161.0110908,4914000,0.8558999300003052
1557292177.6009374,4916000,0.28766655921936035
1557292194.1000776,4918000,0.41481250524520874
1557292226.3733144,4922000,-0.0372501015663147
1557292260.241244,4926000,0.5584090948104858
1557292310.5809479,4932000,0.6339373588562012
1557292360.0223808,4938000,0.9092499017715454
1557292376.447839,4940000,0.8612499237060547
1557292410.2224097,4944000,0.008800056762993336
1557292442.6818268,4948000,0.8234999179840088
1557292558.249846,4962000,0.7087499499320984
1557292606.8642943,4968000,0.2402857542037964
1557292622.9879475,4970000,0.9022777080535889
1557292656.1059797,4974000,-0.10716664791107178
1557292689.2316074,4978000,0.42091667652130127
1557292722.1692162,4982000,0.9132726192474365
1557292738.6939576,4984000,0.4687221348285675
1557292771.29251,4988000,0.42760002613067627
1557292821.8297215,4994000,0.37400001287460327
1557292853.740993,4998000,0.284333199262619
1557292870.6953773,5000000,0.9104999303817749
